mean_brightness,contrast,dark_ratio,bright_ratio,edge_density,label
122.09613800048828,38.014347076416016,0.01633250956632653,0.02667610012755102,0.37472098214285715,1
131.8227081298828,29.31914710998535,0.006741270727040816,0.01175860969387755,0.3725685586734694,1
121.17121887207031,35.57256317138672,0.02499202806122449,0.020712093431122448,0.36259367028061223,1
130.11770629882812,32.745086669921875,0.008888711734693877,0.014917490433673469,0.37739656409438777,1
131.0800018310547,33.19935607910156,0.009740712691326531,0.016790896045918366,0.3759616151147959,1
136.0303955078125,32.549339294433594,0.01132015306122449,0.018265704719387755,0.3654286910076531,1
129.53543090820312,28.44351577758789,0.006188217474489796,0.009984853316326531,0.3700673628826531,1
123.32830810546875,27.840251922607422,0.009092992665816327,0.008091517857142858,0.37178132971938777,1
125.12834930419922,26.416933059692383,0.006641621492346939,0.0067014110331632655,0.37025171396683676,1
128.96551513671875,34.280860900878906,0.01718949298469388,0.014075454400510204,0.36802455357142855,1
125.14558410644531,30.311817169189453,0.010846819196428572,0.00836555325255102,0.36874701052295916,1
125.30229949951172,28.73348617553711,0.009003308354591837,0.006123445471938775,0.3711535395408163,1
126.3817138671875,29.222190856933594,0.007453762755102041,0.00692562181122449,0.3710788026147959,1
123.01301574707031,31.3702449798584,0.013806401466836735,0.010413345025510204,0.37196568080357145,1
120.40689086914062,26.242013931274414,0.0036073022959183672,0.005645129145408163,0.35495057397959184,1
129.14356994628906,32.544490814208984,0.009451729910714286,0.011105907206632654,0.37317641900510207,1
129.9832763671875,33.63299560546875,0.016506895727040817,0.012132294323979591,0.3665347975127551,1
123.35762023925781,30.212116241455078,0.0074587452168367345,0.013402822066326531,0.361263352997449,1
126.54557037353516,29.422399520874023,0.00794204400510204,0.00818618463010204,0.36509486607142855,1
124.89358520507812,28.8798828125,0.007538464604591837,0.007254464285714286,0.36338089923469385,1
128.08677673339844,29.468276977539062,0.00661670918367347,0.00603874362244898,0.3642079878826531,1
129.5077667236328,25.28431510925293,0.00412547831632653,0.00457389987244898,0.3674864477040816,1
130.9384002685547,22.30193519592285,0.002102598852040816,0.0027851961096938774,0.35964405293367346,1
125.63301086425781,24.199600219726562,0.0042948820153061226,0.007364078443877551,0.3498036910076531,1
126.40611267089844,22.129343032836914,0.0011409837372448979,0.0035923549107142855,0.3588020169005102,1
115.22421264648438,23.476417541503906,0.0031140385841836736,0.0034727758290816328,0.35940489477040816,1
112.97772979736328,21.948299407958984,0.0034329161352040817,0.002162388392857143,0.35762117346938777,1
116.3738021850586,24.445833206176758,0.003951092155612245,0.0035774075255102043,0.3569834183673469,1
116.17196655273438,24.32178497314453,0.006895727040816327,0.005131935586734694,0.3489367426658163,1
111.75332641601562,23.452571868896484,0.006392498405612245,0.0042849170918367345,0.35037667410714285,1
118.21610260009766,26.143220901489258,0.0055056202168367345,0.0050522161989795915,0.36143275669642855,1
119.28414154052734,31.315444946289062,0.013706752232142858,0.007807517538265306,0.37227957589285715,1
120.12632751464844,32.45941925048828,0.014085419323979591,0.00568000637755102,0.3788913026147959,1
119.83950805664062,28.942628860473633,0.010592713647959183,0.004763233418367347,0.36984813456632654,1
124.06576538085938,29.953777313232422,0.007164779974489796,0.006277901785714286,0.3714973294005102,1
110.35530090332031,44.8543815612793,0.08613679846938775,0.01904296875,0.36556819993622447,1
117.30924224853516,30.54362678527832,0.013985770089285714,0.008285833864795918,0.37172154017857145,1
125.20807647705078,34.05100631713867,0.016287667410714284,0.01669124681122449,0.37350526147959184,1
132.60137939453125,36.46982955932617,0.027553013392857144,0.02125518176020408,0.36574258609693877,1
126.85186004638672,34.57544708251953,0.02166374362244898,0.016073421556122448,0.36708785076530615,1
122.77088928222656,39.29690170288086,0.03527084661989796,0.02577925701530612,0.36267837213010207,1
113.2325439453125,32.46112823486328,0.02377132493622449,0.011823381696428572,0.3671027981505102,1
117.45674896240234,34.76834487915039,0.021589006696428572,0.013397839604591837,0.37611607142857145,1
114.69170379638672,35.13725662231445,0.020976163903061226,0.017045001594387755,0.3672722018494898,1
126.33122253417969,37.74766540527344,0.027059749681122448,0.025898836096938774,0.3707798549107143,1
118.76679992675781,37.214595794677734,0.02727897799744898,0.02145946269132653,0.35752650669642855,1
122.84574127197266,33.74034881591797,0.014543805803571428,0.019461495535714284,0.36635542889030615,1
126.47698211669922,39.83060836791992,0.025754344706632654,0.036675900829081634,0.37716737085459184,1
124.75801086425781,37.6071891784668,0.02228156887755102,0.025510204081632654,0.37681361607142855,1
136.73275756835938,34.451393127441406,0.013906050701530613,0.03529077646683673,0.35819415656887754,1
132.0914306640625,35.66149139404297,0.017632932079081634,0.032545440051020405,0.3725087691326531,1
130.58486938476562,33.119205474853516,0.01612822863520408,0.02590381855867347,0.3688366948341837,1
136.69766235351562,32.66419219970703,0.00826092155612245,0.03590860172193878,0.3315927933673469,1
130.10736083984375,34.66047286987305,0.01739875637755102,0.03131975446428571,0.3664700255102041,1
128.1041259765625,33.92913818359375,0.014653419961734694,0.02699996014030612,0.37095922353316324,1
130.3260955810547,35.481956481933594,0.016880580357142856,0.02969547193877551,0.3697086256377551,1
130.97096252441406,40.37797164916992,0.0222965162627551,0.05236069036989796,0.36905094068877553,1
129.7754669189453,41.7984733581543,0.025604870854591837,0.055474728954081634,0.370784837372449,1
134.38894653320312,37.400394439697266,0.017528300382653062,0.04372110172193878,0.3766541772959184,1
133.7650909423828,35.02185821533203,0.01184829400510204,0.031573860012755105,0.3814323580994898,1
133.01303100585938,38.81864929199219,0.019346898915816327,0.0457389987244898,0.3808643574617347,1
131.87222290039062,41.13253402709961,0.0282405931122449,0.05017837213010204,0.381656568877551,1
125.7312240600586,34.74314498901367,0.012600645727040817,0.029959542410714284,0.36868722098214285,1
126.12236785888672,33.359779357910156,0.008694395727040817,0.025579958545918366,0.3693897480867347,1
132.44810485839844,39.68424987792969,0.02280472735969388,0.04660096460459184,0.3799575494260204,1
138.4315185546875,37.966644287109375,0.018624441964285716,0.05042251275510204,0.37943439094387754,1
136.7532958984375,39.77445602416992,0.022744937818877552,0.054812061543367346,0.3819604990433674,1
140.7325439453125,39.605682373046875,0.0209163743622449,0.06577845982142858,0.33200633769132654,1
128.88656616210938,37.236263275146484,0.016068439094387755,0.04017857142857143,0.3729771205357143,1
138.70590209960938,39.50996780395508,0.020213847257653062,0.06507095025510204,0.3690908003826531,1
139.50404357910156,38.86725997924805,0.023213289221938774,0.058803013392857144,0.3729920679209184,1
140.8695831298828,38.306087493896484,0.018420161033163265,0.06450294961734694,0.36880680006377553,1
135.74099731445312,42.53358459472656,0.031165298150510203,0.06475705516581633,0.3776008450255102,1
141.9105682373047,43.688411712646484,0.031548947704081634,0.08658522002551021,0.3702018893494898,1
138.53146362304688,38.91244888305664,0.02540058992346939,0.04831991390306122,0.3803661112882653,1
140.54795837402344,40.44649887084961,0.029072664221938774,0.05914182079081633,0.38172134088010207,1
139.73622131347656,39.870094299316406,0.02741848692602041,0.05468251753826531,0.37862723214285715,1
143.685791015625,37.68846130371094,0.022431042729591837,0.06505102040816327,0.35910594706632654,1
140.78237915039062,41.00502395629883,0.03364158163265306,0.06547951211734694,0.3568538743622449,1
131.98487854003906,35.24530029296875,0.015869140625,0.03664102359693878,0.36373963647959184,1
123.77845001220703,36.65492630004883,0.014304647640306123,0.03435407366071429,0.35542889030612246,1
123.21070861816406,36.774742126464844,0.016237842793367346,0.032017299107142856,0.3691256776147959,1
145.9515380859375,38.0357780456543,0.021449497767857144,0.07558394451530612,0.3495246731505102,1
136.50503540039062,36.251461029052734,0.018011599170918366,0.05019830197704082,0.36489058514030615,1
136.78729248046875,36.42237854003906,0.018435108418367346,0.04742805325255102,0.3666145169005102,1
130.55648803710938,37.7358512878418,0.018380301339285716,0.04377092633928571,0.3710190130739796,1
134.4046630859375,38.153602600097656,0.019705636160714284,0.05276426977040816,0.3694545200892857,1
123.48477172851562,39.07174301147461,0.022620376275510203,0.03675562021683673,0.37635024713010207,1
120.67710876464844,35.370731353759766,0.011918048469387755,0.02866410235969388,0.366943359375,1
130.130615234375,39.26067352294922,0.018016581632653062,0.046262157206632654,0.37380420918367346,1
121.86080932617188,33.42007064819336,0.009641063456632654,0.024239676339285716,0.36220503826530615,1
135.14239501953125,43.87447738647461,0.033771125637755105,0.06704898756377552,0.3739686304209184,1
130.37608337402344,52.52105712890625,0.07394969706632654,0.100341796875,0.3686025191326531,1
141.57318115234375,43.0587043762207,0.03083645567602041,0.07941047512755102,0.36697823660714285,1
143.64913940429688,40.50099563598633,0.02662627551020408,0.06723832110969388,0.35672433035714285,1
144.32754516601562,42.92708206176758,0.03343231823979592,0.07808514030612244,0.35875219228316324,1
131.807861328125,36.440853118896484,0.010333625637755101,0.03098094706632653,0.3881885762117347,1
132.2484588623047,32.250919342041016,0.0024713010204081634,0.01734394929846939,0.38520906409438777,1
129.6078338623047,33.86976623535156,0.00637256855867347,0.011220503826530613,0.3818907445790816,1
134.29566955566406,34.112159729003906,0.005744778380102041,0.015141701211734694,0.3770029496173469,1
134.29566955566406,34.112159729003906,0.005744778380102041,0.015141701211734694,0.3770029496173469,1
172.28201293945312,27.858430862426758,9.964923469387754e-06,0.1661999760841837,0.37576729910714285,1
127.56133270263672,22.38846778869629,1.992984693877551e-05,0.0028748804209183672,0.3614477040816326,1
128.26365661621094,21.74909782409668,9.964923469387754e-06,0.0024912308673469387,0.3683384486607143,1
129.21920776367188,25.672204971313477,0.0002242107780612245,0.005490672831632653,0.36397879464285715,1
149.0795135498047,38.591285705566406,0.00013452646683673468,0.10597197863520408,0.37910554846938777,1
151.24363708496094,40.201419830322266,0.00017438616071428572,0.12428252551020408,0.37902084661989793,1
154.78866577148438,38.0235595703125,1.4947385204081632e-05,0.1289859693877551,0.3800771285076531,1
153.00379943847656,41.86680221557617,0.00027901785714285713,0.14334044164540816,0.3792350924744898,1
149.16322326660156,39.60453414916992,0.0001793686224489796,0.10888671875,0.37892617984693877,1
137.02108764648438,51.255638122558594,0.04021344866071429,0.12268813775510204,0.379638671875,1
137.6768341064453,49.91627883911133,0.03366649394132653,0.12006736288265306,0.3809789540816326,1
130.398193359375,53.493019104003906,0.07128408003826531,0.10991310586734694,0.3837392378826531,1
133.39756774902344,19.591951370239258,4.982461734693877e-06,0.0014399314413265306,0.3543726084183674,1
183.07545471191406,20.19132423400879,0.0,0.18816764987244897,0.3541683274872449,1
172.0959014892578,32.34077453613281,8.470184948979592e-05,0.19737025669642858,0.3792201450892857,1
168.38314819335938,33.50193405151367,4.982461734693878e-05,0.1712372448979592,0.38252351721938777,1
123.6667251586914,63.90647506713867,0.19070870535714285,0.14201510682397958,0.35877212213010207,1
128.48068237304688,63.3557014465332,0.16597078284438777,0.15400290975765307,0.36617606026785715,1
131.0853271484375,61.76538848876953,0.15043048469387754,0.14494479432397958,0.36421795280612246,1
148.9568328857422,48.97904586791992,0.006113480548469388,0.1659359056122449,0.3723194355867347,1
146.38534545898438,48.526763916015625,0.009446747448979591,0.14592135682397958,0.38095902423469385,1
150.58229064941406,47.293060302734375,0.0059939014668367345,0.15977260044642858,0.3809390943877551,1
147.67849731445312,48.61556625366211,0.009451729910714286,0.15320073341836735,0.3818409199617347,1
144.10064697265625,49.33859634399414,0.0176578443877551,0.14236886160714285,0.38138253348214285,1
140.879638671875,48.26425552368164,0.019321986607142856,0.12142259247448979,0.382877272002551,1
139.82960510253906,53.2996826171875,0.04900749362244898,0.14202008928571427,0.37021683673469385,1
145.87953186035156,48.93045425415039,0.017802335778061226,0.14758549904336735,0.37814393335459184,1
145.4233856201172,52.93498229980469,0.03073680644132653,0.1683623644770408,0.3741928411989796,1
128.26177978515625,57.12360382080078,0.11424784757653061,0.11277802136479592,0.37270308514030615,1
143.3621826171875,51.42302322387695,0.03750298947704082,0.14548290019132654,0.37038125797193877,1
134.14572143554688,55.11249542236328,0.06606246014030612,0.12896105707908162,0.37398357780612246,1
153.84750366210938,46.268455505371094,0.0016940369897959183,0.17112763073979592,0.36900609853316324,1
150.01101684570312,50.13673782348633,0.005465760522959184,0.17603535554846939,0.3716567681760204,1
154.56166076660156,47.27926254272461,0.0011110889668367347,0.18787368463010204,0.37265326052295916,1
146.07518005371094,48.503456115722656,0.004628706951530612,0.1481983418367347,0.3706204161352041,1
124.85237884521484,47.31438446044922,0.005919164540816327,0.09170220822704081,0.362613600127551,1
154.45713806152344,43.15243911743164,0.0006626674107142857,0.15327048788265307,0.36682876275510207,1
151.99427795410156,45.84212875366211,0.003343231823979592,0.15968291613520408,0.3702816087372449,1
154.74148559570312,44.905921936035156,0.0011559311224489796,0.17180524553571427,0.35659478635204084,1
131.464111328125,26.628263473510742,0.0012854751275510204,0.004309829400510204,0.38895587531887754,1
170.7235565185547,31.75511360168457,0.00027901785714285713,0.18983179209183673,0.3906947544642857,1
172.6482391357422,29.88981819152832,7.971938775510203e-05,0.19077845982142858,0.3914321588010204,1
173.3976593017578,32.139896392822266,0.00016940369897959184,0.21755919164540816,0.38974310427295916,1
170.92755126953125,31.22724723815918,0.00010463169642857142,0.1847197863520408,0.39122787786989793,1
172.9365692138672,30.5509033203125,7.971938775510203e-05,0.19713109853316327,0.39279237085459184,1
164.44996643066406,41.96363830566406,0.0010811941964285715,0.21838129783163265,0.38405313297193877,1
169.01443481445312,23.95210838317871,9.964923469387754e-06,0.09248943718112244,0.38773018973214285,1
170.36282348632812,31.7451229095459,0.00016940369897959184,0.18638392857142858,0.3896434550382653,1
171.38560485839844,31.45572280883789,0.00012456154336734694,0.19382274394132654,0.3905402981505102,1
170.7263641357422,32.01981735229492,0.00012456154336734694,0.19316505899234693,0.38869678730867346,1
169.95323181152344,33.16374206542969,0.00026407047193877553,0.19543706154336735,0.3852638711734694,1
134.97544860839844,21.740690231323242,0.00019431600765306122,0.004763233418367347,0.36593690210459184,1
177.53866577148438,27.257539749145508,4.982461734693877e-06,0.19568120216836735,0.37911053093112246,1
176.8318328857422,28.050573348999023,4.982461734693877e-06,0.19862085459183673,0.37612603635204084,1
180.5561981201172,25.35144805908203,0.0,0.21678192761479592,0.3792051977040816,1
189.69479370117188,20.71426773071289,0.0,0.302181321747449,0.34468172034438777,1
181.2772979736328,25.9659423828125,0.0,0.22556600765306123,0.3631566884566326,1
187.65988159179688,22.27823257446289,0.0,0.28463309151785715,0.3113540338010204,1
181.99429321289062,25.527969360351562,0.0,0.23708047672193877,0.3563705755739796,1
180.8915252685547,28.155609130859375,0.0,0.25319375797193877,0.37723214285714285,1
181.87042236328125,29.370460510253906,0.0,0.27608816964285715,0.37966358418367346,1
183.57293701171875,28.939584732055664,0.0,0.29405990911989793,0.3809191645408163,1
175.7315216064453,27.693296432495117,0.0,0.1880480707908163,0.38046576052295916,1
172.1830291748047,29.121633529663086,9.964923469387754e-06,0.1687808912627551,0.37929986447704084,1
183.2753143310547,24.66010093688965,0.0,0.24898357780612246,0.34750677614795916,1
171.967041015625,27.990633010864258,4.982461734693877e-06,0.15482999840561223,0.3756477200255102,1
177.4801025390625,27.266569137573242,0.0,0.20446029974489796,0.3802863919005102,1
185.30580139160156,22.380416870117188,0.0,0.2528748804209184,0.37851263552295916,1
181.500244140625,27.06022071838379,0.0,0.25174386160714285,0.3769630899234694,1
132.71392822265625,22.814414978027344,6.975446428571428e-05,0.00943180006377551,0.34006297831632654,1
175.5526885986328,25.009838104248047,0.0,0.1549695073341837,0.3598582987882653,1
170.4600830078125,26.067007064819336,9.964923469387754e-06,0.12995256696428573,0.3610142299107143,1
174.70748901367188,28.4580135345459,2.491230867346939e-05,0.17613998724489796,0.3625538105867347,1
169.00613403320312,30.808704376220703,0.00016442123724489795,0.15793407206632654,0.3662209024234694,1
168.87400817871094,29.752456665039062,0.0004982461734693878,0.14310128348214285,0.38089425223214285,1
170.61126708984375,30.233070373535156,0.0006078603316326531,0.15794403698979592,0.3802016900510204,1
167.2708740234375,33.22382736206055,0.0006028778698979591,0.16258769132653061,0.37295719068877553,1
171.51483154296875,33.941162109375,0.0011210538903061226,0.20016043526785715,0.375797193877551,1
167.58924865722656,33.95159912109375,0.001220703125,0.16594088807397958,0.37843789859693877,1
162.0628204345703,39.16775894165039,0.005729830994897959,0.16514369419642858,0.37340561224489793,1
156.5176239013672,42.16519546508789,0.0126953125,0.14871651785714285,0.374267578125,1
171.95578002929688,38.53287124633789,0.00439453125,0.22724509725765307,0.3767239317602041,1
123.87493896484375,32.504859924316406,0.0024164939413265306,0.03219666772959184,0.33310247927295916,1
181.6233673095703,32.78644943237305,4.982461734693877e-06,0.2625707509566326,0.3471829161352041,1
165.386962890625,33.51681900024414,1.992984693877551e-05,0.1553631218112245,0.3547413105867347,1
174.05859375,31.405393600463867,9.964923469387754e-06,0.19467972735969388,0.3439891581632653,1
158.99588012695312,35.907108306884766,0.00020926339285714285,0.1459113919005102,0.35487583705357145,1
162.8090362548828,35.46089172363281,0.003527582908163265,0.15834761639030612,0.3532166772959184,1
160.84495544433594,35.965023040771484,0.0034827407525510204,0.15124760841836735,0.3560317681760204,1
165.99034118652344,37.0656623840332,0.002725406568877551,0.18443080357142858,0.3580745774872449,1
171.84738159179688,36.60736846923828,0.0017189492984693877,0.2191784917091837,0.3617615991709184,1
172.9950408935547,35.371158599853516,0.0009018255739795918,0.22124621332908162,0.3575912786989796,1
165.66848754882812,34.81981658935547,0.0007473692602040816,0.16624481823979592,0.364566725127551,1
162.27439880371094,36.637149810791016,0.0017338966836734694,0.15960319674744897,0.36160216039540816,1
172.30648803710938,27.01266098022461,0.000817123724489796,0.13529874840561223,0.33584781568877553,1
154.92315673828125,34.08351135253906,0.003547512755102041,0.10523955676020408,0.35020228794642855,1
171.54595947265625,34.671321868896484,0.0029097576530612247,0.19357362085459184,0.36318160076530615,1
163.76504516601562,35.19313049316406,0.0019630899234693877,0.14519391741071427,0.36600167410714285,1
170.9391326904297,33.557472229003906,0.0013303172831632653,0.1791095344387755,0.3553940130739796,1
157.2373504638672,18.546539306640625,4.982461734693877e-06,0.01094646843112245,0.3457529496173469,0
157.72836303710938,18.857959747314453,4.982461734693877e-06,0.021569076849489797,0.3226293447066326,0
159.77928161621094,18.04966926574707,4.982461734693877e-06,0.012934470663265306,0.34414859693877553,0
160.02154541015625,17.297107696533203,4.982461734693877e-06,0.011803451849489796,0.32645587531887754,0
166.10760498046875,21.27232551574707,0.0,0.06574358258928571,0.31028280452806123,0
167.2676239013672,21.250789642333984,0.0,0.06326729910714286,0.3320412149234694,0
159.46969604492188,18.070899963378906,0.0,0.02085160235969388,0.30642139668367346,0
159.19894409179688,18.604175567626953,0.0,0.0274234693877551,0.26822086256377553,0
153.72512817382812,17.40008544921875,0.0,0.00530632174744898,0.3338996731505102,0
152.8496551513672,17.96295738220215,0.0,0.005869339923469388,0.342708665497449,0
153.22674560546875,17.895244598388672,0.0,0.006467235331632653,0.34330656090561223,0
153.92999267578125,17.144550323486328,0.0,0.005939094387755102,0.3369040975765306,0
155.32147216796875,18.69470977783203,0.0,0.01617805325255102,0.33815967793367346,0
155.21006774902344,18.409364700317383,0.0,0.010876713966836735,0.34150789221938777,0
152.65480041503906,18.644994735717773,4.982461734693877e-06,0.0074238679846938774,0.35227499202806123,0
150.05517578125,17.939647674560547,9.964923469387754e-06,0.004514110331632653,0.34657505580357145,0
147.802734375,18.789697647094727,0.0,0.004299864477040816,0.35207569355867346,0
148.4191131591797,18.704660415649414,4.982461734693877e-06,0.004758250956632653,0.351627272002551,0
150.96627807617188,18.76909828186035,0.0,0.006243024553571429,0.3454041772959184,0
150.09727478027344,18.739334106445312,4.982461734693877e-06,0.00515186543367347,0.35215541294642855,0
151.69847106933594,18.237871170043945,0.0,0.005610251913265306,0.34177694515306123,0
153.88418579101562,17.627851486206055,0.0,0.006018813775510204,0.3285385443239796,0
155.4330291748047,17.801572799682617,0.0,0.008275868941326531,0.31514070471938777,0
156.58370971679688,17.690317153930664,4.982461734693877e-06,0.009222536670918368,0.3214136240433674,0
155.6927032470703,17.248632431030273,4.982461734693877e-06,0.007149832589285714,0.31580835459183676,0
156.31651306152344,17.696325302124023,0.0,0.008883729272959183,0.3276466836734694,0
157.06797790527344,18.696792602539062,4.982461734693877e-06,0.015281210140306123,0.33353097098214285,0
158.62069702148438,19.41169548034668,0.0,0.01913265306122449,0.33920599489795916,0
167.10232543945312,25.30864715576172,0.0,0.07427355707908163,0.32632633131377553,0
158.7527313232422,17.91619873046875,0.0,0.012441206951530613,0.3424097177933674,0
162.842041015625,19.770963668823242,0.0,0.04030811543367347,0.30440349968112246,0
160.14877319335938,17.47549819946289,0.0,0.013168646364795918,0.3207160794005102,0
166.33285522460938,24.636178970336914,0.0,0.08055644132653061,0.3203274473852041,0
166.05699157714844,25.054546356201172,0.0,0.09140326052295919,0.3194953762755102,0
161.04698181152344,21.836406707763672,0.0,0.049306441326530615,0.3330875318877551,0
159.1318359375,20.08186912536621,0.0,0.028375119579081634,0.335872727997449,0
157.32266235351562,19.16914939880371,0.0,0.015221420599489796,0.34816944355867346,0
157.0898895263672,19.297670364379883,0.0,0.016003667091836735,0.34239477040816324,0
157.86257934570312,20.92024040222168,0.0,0.02573441485969388,0.3535305723852041,0
162.88885498046875,28.030868530273438,4.982461734693877e-06,0.08731265943877552,0.34423828125,0
155.8360595703125,18.97723388671875,0.0,0.010209064094387755,0.3518215880102041,0
157.3056182861328,18.777873992919922,0.0,0.011853276466836735,0.34983358577806123,0
156.68580627441406,19.539783477783203,0.0,0.0157894212372449,0.35402383609693877,0
166.3494110107422,28.39480209350586,0.0,0.09666972257653061,0.3412338568239796,0
157.63719177246094,18.902170181274414,0.0,0.011374960140306123,0.35160734215561223,0
158.34718322753906,20.504085540771484,0.0,0.020707110969387755,0.3565150669642857,0
158.07586669921875,17.585668563842773,0.0,0.009232501594387755,0.3502620774872449,0
159.09945678710938,19.80447006225586,0.0,0.021016023596938774,0.3561164700255102,0
160.2992401123047,19.932016372680664,0.0,0.028006417410714284,0.35214544802295916,0
159.86317443847656,18.721113204956055,0.0,0.019167530293367346,0.34972397161989793,0
159.0772705078125,19.34001350402832,0.0,0.02025370695153061,0.35453702965561223,0
152.95526123046875,36.57757568359375,0.005241549744897959,0.07437320631377552,0.37441206951530615,0
161.86146545410156,35.746219635009766,0.0025858976403061226,0.1236098931760204,0.37699796715561223,0
150.61737060546875,38.139949798583984,0.007827447385204082,0.07905173788265306,0.36967374840561223,0
163.0646209716797,35.67617416381836,0.0020228794642857145,0.1299774792729592,0.37192083864795916,0
158.6498260498047,36.49528503417969,0.003941127232142857,0.10873724489795919,0.37741151147959184,0
161.57211303710938,32.94898986816406,0.0010662468112244898,0.09593231823979592,0.37588189572704084,0
155.22653198242188,32.43747329711914,0.001953125,0.07241011639030612,0.3735849808673469,0
157.15548706054688,31.53656578063965,0.0017787388392857143,0.07425362723214286,0.3748305963010204,0
165.7935028076172,29.607051849365234,0.0009117904974489796,0.09888691804846939,0.37258848852040816,0
164.77755737304688,33.369834899902344,0.0023018973214285715,0.1210140306122449,0.35886678890306123,0
165.2782440185547,29.169401168823242,0.0006128427933673469,0.09673947704081633,0.371890943877551,0
165.44862365722656,28.835453033447266,0.0008470184948979591,0.08133370535714286,0.37172154017857145,0
164.7953338623047,31.7652530670166,0.0017737563775510204,0.09797014508928571,0.3723244180484694,0
162.83001708984375,37.20500183105469,0.004489198022959184,0.1358368542729592,0.374332350127551,0
155.83392333984375,31.766103744506836,0.0026357222576530613,0.06304807079081633,0.3650051817602041,0
168.19564819335938,30.06476402282715,0.0005430883290816327,0.13814373405612246,0.35923050860969385,0
168.04611206054688,31.925756454467773,0.0003089126275510204,0.16319555165816327,0.37033641581632654,0
171.56822204589844,32.291259765625,0.0004384566326530612,0.19488899075255103,0.36942960778061223,0
151.89373779296875,40.236656188964844,0.00677116549744898,0.109130859375,0.3853087133290816,0
155.538818359375,32.21451187133789,0.0019232302295918368,0.07196667729591837,0.3793197943239796,0
154.09088134765625,34.91051483154297,0.003871372767857143,0.07879264987244898,0.3793397241709184,0
151.8330535888672,34.83138656616211,0.00539600605867347,0.06810028698979592,0.3763004225127551,0
160.6590118408203,31.767833709716797,0.0011260363520408164,0.09886200573979592,0.3716368383290816,0
172.5658416748047,26.489412307739258,0.00014947385204081633,0.13068997130102042,0.37251375159438777,0
166.10885620117188,26.5142765045166,5.978954081632653e-05,0.08641083386479592,0.3721251195790816,0
164.16744995117188,25.565208435058594,1.992984693877551e-05,0.07126913265306123,0.37026666135204084,0
146.6941375732422,36.034732818603516,0.008524992028061224,0.05642637914540816,0.37815389827806123,0
150.5132598876953,32.5384635925293,0.0012406329719387755,0.06262456154336735,0.3768933354591837,0
145.99070739746094,38.29342269897461,0.0030691964285714285,0.06669523278061225,0.39218451052295916,0
154.0225372314453,39.731903076171875,0.001828563456632653,0.12089943399234694,0.39334044164540816,0
149.52200317382812,41.732521057128906,0.0036870216836734694,0.11079500159438775,0.38894591039540816,0
131.3206787109375,44.6963005065918,0.02454360650510204,0.06103515625,0.38414779974489793,0
149.49195861816406,41.50048828125,0.0039809869260204085,0.10989317602040816,0.39158163265306123,0
145.0795440673828,41.50597381591797,0.007000358737244898,0.0872329400510204,0.3932258450255102,0
144.00360107421875,42.12680435180664,0.008470184948979591,0.08750199298469388,0.3928123007015306,0
139.52035522460938,44.566184997558594,0.01297931281887755,0.08445770886479592,0.3884426817602041,0
135.70079040527344,45.5544319152832,0.02102100605867347,0.07632134885204081,0.39073959661989793,0
138.8563995361328,45.14868927001953,0.02182816485969388,0.08392956792091837,0.39109335140306123,0
141.29586791992188,45.14900588989258,0.016158123405612245,0.0940688775510204,0.39328065210459184,0
146.98146057128906,45.32976531982422,0.012152224170918368,0.12132294323979592,0.39297173947704084,0
133.8205108642578,46.677703857421875,0.030766701211734693,0.07910654496173469,0.3856823979591837,0
133.42832946777344,46.896053314208984,0.033771125637755105,0.07653559470663265,0.3852489237882653,0
134.1009979248047,46.42053985595703,0.033013791454081634,0.07497608418367346,0.3880191725127551,0
140.432373046875,45.9220085144043,0.01739875637755102,0.09978376116071429,0.38480050223214285,0
132.616943359375,46.037353515625,0.02928691007653061,0.07508071588010204,0.38633011798469385,0
128.54161071777344,45.30891799926758,0.0374382174744898,0.05717873086734694,0.3877052774234694,0
139.780517578125,48.833133697509766,0.028280452806122448,0.11223991549744898,0.39230408960459184,0
148.04112243652344,49.874755859375,0.01870914381377551,0.1626923230229592,0.3920101243622449,0
146.33370971679688,42.14542007446289,0.005107023278061225,0.1036800462372449,0.38949896364795916,0
146.84483337402344,42.74822235107422,0.006955516581632653,0.10567303093112244,0.38999222735969385,0
145.025146484375,43.11265563964844,0.008370535714285714,0.09933533960459184,0.3911232461734694,0
148.90838623046875,43.001041412353516,0.0071896922831632655,0.1161362005739796,0.3883679448341837,0
146.70790100097656,44.56119155883789,0.01044822225765306,0.11712771045918367,0.38960857780612246,0
146.890380859375,44.48491668701172,0.011205556441326531,0.11556819993622448,0.39108338647959184,0
148.01239013671875,44.04377365112305,0.010004783163265306,0.11936483577806123,0.3875009964923469,0
150.12875366210938,43.886329650878906,0.0077377630739795915,0.13206513073979592,0.388118821747449,0
146.70664978027344,43.98891830444336,0.010572783801020409,0.11258868781887756,0.3889957350127551,0
146.85731506347656,44.09123229980469,0.010149274553571428,0.11382433832908163,0.38903061224489793,0
148.07354736328125,43.501441955566406,0.00787727200255102,0.1179996412627551,0.3869529257015306,0
150.25567626953125,42.38534164428711,0.005246532206632653,0.12120336415816327,0.3865593112244898,0
148.48341369628906,43.29727554321289,0.00787727200255102,0.11650988520408163,0.38673867984693877,0
147.54173278808594,44.207767486572266,0.01083187181122449,0.11802455357142858,0.3889708227040816,0
149.88743591308594,42.97342300415039,0.0067263233418367345,0.12020687181122448,0.3864646444515306,0
130.81707763671875,45.90348434448242,0.029730349170918366,0.06516561702806123,0.3870824697066326,0
155.6577911376953,40.284366607666016,0.002650669642857143,0.13681839923469388,0.3843271683673469,0
151.66424560546875,40.26531219482422,0.003298389668367347,0.11252889827806123,0.3875209263392857,0
150.43386840820312,40.052452087402344,0.0038514429209183672,0.10523457429846939,0.3884875239158163,0
149.8592529296875,39.983421325683594,0.00417530293367347,0.10144292091836735,0.38560766103316324,0
150.91476440429688,39.93109130859375,0.0034877232142857145,0.10703324298469388,0.38780990911989793,0
149.44503784179688,40.297874450683594,0.005112005739795918,0.10225007971938775,0.38863699776785715,0
150.3949737548828,40.262088775634766,0.004404496173469388,0.10770089285714286,0.3862254862882653,0
151.7184295654297,39.72050094604492,0.003208705357142857,0.11171177455357142,0.3848403619260204,0
151.92727661132812,39.760066986083984,0.0031987404336734694,0.11203563456632654,0.3845314492984694,0
151.83721923828125,39.47529983520508,0.003288424744897959,0.10948461415816327,0.38545818718112246,0
162.4794158935547,31.122255325317383,0.0,0.1029476243622449,0.35501534598214285,0
147.9926300048828,32.65494155883789,0.0019182477678571428,0.07163783482142858,0.35608657525510207,0
156.01866149902344,28.173141479492188,4.982461734693877e-06,0.07920121173469388,0.352474290497449,0
159.40711975097656,26.41098976135254,0.0,0.08139847735969388,0.327083665497449,0
157.24337768554688,26.071073532104492,0.0,0.06916155133928571,0.3330925143494898,0
156.05372619628906,29.294858932495117,0.0001096141581632653,0.08099489795918367,0.35633569834183676,0
158.1473846435547,29.278757095336914,0.00011957908163265306,0.08670978156887756,0.3291015625,0
162.07305908203125,27.321603775024414,5.978954081632653e-05,0.09160754145408163,0.34130859375,0
149.6259002685547,29.8508358001709,0.00027901785714285713,0.06646603954081633,0.3364407286352041,0
150.92852783203125,29.35580062866211,3.487723214285714e-05,0.06906688456632654,0.31595782844387754,0
150.327880859375,31.30864715576172,0.00025908801020408165,0.07839405293367346,0.34053132971938777,0
155.2637939453125,29.04720115661621,5.480707908163265e-05,0.07884745695153061,0.3507553411989796,0
169.04193115234375,24.29108428955078,0.0,0.10763113839285714,0.3551648198341837,0
169.4237823486328,22.676244735717773,0.0,0.09610172193877552,0.33680943080357145,0
168.89544677734375,24.90411949157715,0.0,0.11585718271683673,0.35302734375,0
166.06784057617188,23.3134708404541,0.0,0.09091497927295919,0.3318568638392857,0
173.4611358642578,23.877225875854492,0.0,0.13230927136479592,0.338069993622449,0
174.59849548339844,20.482995986938477,0.0,0.10878706951530612,0.3142787388392857,0
170.49478149414062,19.877511978149414,0.0,0.08299286511479592,0.29898258131377553,0
172.87734985351562,21.00370979309082,0.0,0.10369997608418367,0.3014339524872449,0
169.9193115234375,22.74932098388672,0.0,0.10304727359693877,0.32364078443877553,0
133.52230834960938,36.49664306640625,0.0029944595025510204,0.0584343112244898,0.3640086894132653,0
131.65943908691406,33.7602653503418,0.0005929129464285714,0.05006875797193878,0.35275330835459184,0
142.9418487548828,31.768497467041016,0.00046336894132653064,0.06007852359693878,0.35038663903061223,0
151.4644317626953,28.818397521972656,0.0,0.06685965401785714,0.3322255660076531,0
158.3573760986328,32.135658264160156,3.487723214285714e-05,0.10854791135204081,0.3556281887755102,0
168.7526092529297,29.971635818481445,0.0,0.1580387037627551,0.34878726881377553,0
168.04205322265625,26.200849533081055,0.0,0.11581234056122448,0.3615822305484694,0
170.8418731689453,24.029285430908203,0.0,0.11260861766581633,0.34885702327806123,0
169.50958251953125,25.58146858215332,0.0,0.11934490593112244,0.34427814094387754,0
166.9728546142578,24.79067611694336,0.0001096141581632653,0.07338169642857142,0.34899154974489793,0
165.15879821777344,22.807804107666016,0.0,0.06049705038265306,0.33704858896683676,0
129.5333251953125,22.471845626831055,0.00020926339285714285,0.012212013711734694,0.33922592474489793,0
171.80967712402344,23.85767936706543,0.0,0.10232481664540816,0.3439144212372449,0
151.58615112304688,38.36333084106445,6.975446428571428e-05,0.12590680803571427,0.3774962133290816,0
156.63873291015625,31.091533660888672,1.992984693877551e-05,0.09372508769132654,0.34077547034438777,0
155.83779907226562,29.44591522216797,0.00039361447704081633,0.07244001116071429,0.3278260522959184,0
159.5099334716797,23.464868545532227,4.982461734693877e-06,0.04855907206632653,0.3513083944515306,0
160.81187438964844,22.355928421020508,0.0,0.04985451211734694,0.33755680006377553,0
167.4044189453125,23.80065155029297,1.4947385204081632e-05,0.07928591358418367,0.34971400669642855,0
172.86550903320312,22.38833999633789,0.0,0.0955337213010204,0.34701849489795916,0
172.1704864501953,21.492427825927734,0.0,0.08725286989795919,0.32741749043367346,0
167.79031372070312,21.515583038330078,0.0,0.0684390943877551,0.3130381058673469,0
169.97479248046875,23.88274383544922,4.982461734693877e-06,0.0945571588010204,0.3362513950892857,0
177.2934112548828,18.482181549072266,0.0,0.09661491549744898,0.32273397640306123,0
180.81593322753906,18.245269775390625,0.0,0.11829858896683673,0.3247817681760204,0
169.9021453857422,19.67763900756836,0.0,0.06663046077806123,0.3408103475765306,0
169.0144500732422,22.716094970703125,0.0,0.07892717633928571,0.35811443718112246,0
162.810546875,24.082897186279297,9.964923469387754e-06,0.06070133131377551,0.36159219547193877,0
161.70352172851562,23.76952362060547,4.982461734693877e-06,0.05499143016581633,0.36208047672193877,0
166.08041381835938,19.503765106201172,0.0,0.04821029974489796,0.29202208227040816,0
167.43722534179688,22.349592208862305,0.0,0.06953025350765306,0.3576809630102041,0
164.5568389892578,23.590089797973633,2.491230867346939e-05,0.06051698022959184,0.36312679368622447,0
165.41615295410156,20.744956970214844,0.0,0.05082609215561224,0.3434909119897959,0
172.92921447753906,20.76423454284668,0.0,0.08351104113520408,0.351806640625,0
171.94639587402344,21.47817611694336,0.0,0.07922114158163265,0.3544323979591837,0
170.907958984375,21.065082550048828,4.982461734693877e-06,0.07383510044642858,0.34055125956632654,0
170.0760955810547,23.647357940673828,4.982461734693877e-06,0.08559371014030612,0.3583486128826531,0
166.36019897460938,23.279373168945312,0.0,0.06243522799744898,0.36325633769132654,0
163.8752899169922,23.678422927856445,4.982461734693877e-06,0.05521564094387755,0.3639638472576531,0
165.58172607421875,22.6958065032959,0.0,0.05747767857142857,0.35826391103316324,0
173.8944091796875,21.756433486938477,0.0,0.10134825414540816,0.3527881855867347,0
172.41712951660156,23.22624397277832,4.982461734693877e-06,0.10062579719387756,0.3637147241709184,0
173.59056091308594,21.116056442260742,0.0,0.09742207429846939,0.3456533003826531,0
160.7041778564453,23.584213256835938,1.4947385204081632e-05,0.04223134566326531,0.3667091836734694,0
160.57644653320312,23.407922744750977,9.964923469387754e-06,0.04267478475765306,0.3643076371173469,0
161.0723114013672,23.68170928955078,1.4947385204081632e-05,0.043531768176020405,0.3659717793367347,0
174.13758850097656,19.651166915893555,0.0,0.07996352838010204,0.34134347098214285,0
177.0636749267578,19.621471405029297,0.0,0.10281309789540816,0.3317920918367347,0
170.0489501953125,22.034751892089844,0.0,0.0753597337372449,0.35999780771683676,0
170.11802673339844,21.859628677368164,0.0,0.07514548788265306,0.35607162786989793,0
170.8267822265625,20.611570358276367,0.0,0.07341657366071429,0.3463657924107143,0
170.72640991210938,21.639772415161133,4.982461734693877e-06,0.07868303571428571,0.35214544802295916,0
167.0198516845703,21.82976722717285,0.0,0.06390007174744898,0.3559620137117347,0
165.06314086914062,22.225196838378906,4.982461734693877e-06,0.057562380420918366,0.35513492506377553,0
